table_name,table_description,column_1_name,column_1_description,column_2_name,column_2_description,column_3_name,column_3_description,column_4_name,column_4_description,column_5_name,column_5_description,column_6_name,column_6_description,column_7_name,column_7_description,column_8_name,column_8_description,column_9_name,column_9_description,column_10_name,column_10_description,column_11_name,column_11_description,column_12_name,column_12_description,column_13_name,column_13_description,column_14_name,column_14_description,column_15_name,column_15_description,column_16_name,column_16_description,column_17_name,column_17_description,column_18_name,column_18_description,column_19_name,column_19_description,column_20_name,column_20_description,column_21_name,column_21_description
alert_config,此SQL文件用于创建用于存储告警配置的表 alert_config。 --     表中记录了告警配置信息，包括告警标识、创建与更新时间、启用状态、告警严重度、 --     关联消息模板、关联规则引擎、租户信息等，便于系统后续对告警的管理和处理。,id,告警配置id，主键，用于唯一标识每个告警配置,create_by,创建者，记录创建该记录的用户ID,create_dept,创建部门，记录创建该记录的部门ID,create_time,创建时间，记录记录创建的时间,update_by,更新者，记录最后一次更新该记录的用户ID,update_time,更新时间，记录最后一次更新的时间,create_at,创建时间戳，可能用于记录精确的创建时间（与create_time含义可能重叠）,description,描述，对告警配置的详细说明,enable,是否启用，标识告警配置当前的启用状态（如1：启用，0：禁用）,level,告警严重度，表示告警的严重级别（例如：低、中、高）,message_template_id,关联消息转发模板ID，用于指定转发告警信息的消息模板,name,告警名称，用于识别和展示告警配置,rule_info_id,关联规则引擎ID，用于关联执行告警判断的规则引擎,tenant_id,租户ID，用于多租户系统中标识所属租户,uid,配置所属用户，标识该告警配置具体归属于哪个用户
alert_record,此SQL文件用于创建存储告警记录的表 alert_record。 --     表中记录了告警的详细信息，包括告警记录标识、创建时间、告警触发时间、 --     告警详情、严重度等级、是否已读状态等，便于系统对告警记录进行存储、查询和历史追踪。,id,告警记录id，用于唯一标识每条告警记录,create_by,创建者，记录创建该告警记录的用户ID,create_dept,创建部门，记录创建该记录的部门ID,create_time,创建时间，记录记录生成的时间,update_by,更新者，记录最后一次更新该记录的用户ID,update_time,更新时间，记录最后一次更新该记录的时间,alert_time,告警时间，记录告警触发的具体时间（使用时间戳格式）,details,告警详情，记录告警的具体描述和相关信息,level,告警严重度（1-5），表示告警的严重等级，数值范围1至5,name,告警名称，用于描述或标识告警的类型,read_flg,是否已读，标识告警记录是否已被查看（1：已读，0：未读）,tenant_id,租户ID，用于标识记录所属的租户，支持多租户环境,uid,配置所属用户，记录该告警记录对应的用户标识
category,此SQL文件用于创建存储系统中分类信息的表 category。表中记录了分类的基本信息， --     包括分类ID、名称、以及创建与更新时间等信息，同时支持多租户环境。,id,分类id，作为主键用于唯一标识每个分类,create_by,创建者，记录创建该分类的用户ID,create_dept,创建部门，记录创建该分类的部门ID,create_time,创建时间，记录分类记录的生成时间,update_by,更新者，记录最后一次修改该分类记录的用户ID,update_time,更新时间，记录最后一次修改该分类记录的时间,create_at,分类描述，建议确认该字段是否用于描述分类（数据类型为 BIGINT 可能不适合描述性文本）,name,分类名称，记录分类的名称或标题,tenant_id,租户ID，用于标识分类所属的租户，支持多租户系统
channel,此SQL文件用于创建存储通道相关信息的表 channel。 --     表中记录了通道的基本属性，包括通道ID、创建与更新时间、通道名称、图标、标题等， --     同时支持多租户环境。该表可用于区分不同的功能模块或数据流，便于系统管理与展示。,id,通道id，主键，用于唯一标识每个通道,create_by,创建者，记录创建该通道记录的用户ID,create_dept,创建部门，记录创建该通道记录的部门ID,create_time,创建时间，记录通道记录生成的时间,update_by,更新者，记录最后一次更新该通道记录的用户ID,update_time,更新时间，记录最后一次更新该通道记录的时间,code,通道名称，用于标识或引用通道,create_at,创建时间戳，用于记录精确的创建时间（与 create_time 可能存在重复）,icon,图标，存储通道对应的图标路径或标识，便于界面展示,tenant_id,租户ID，用于标识记录所属的租户，支持多租户系统,title,标题，用于描述或展示通道的名称信息
channel_config,此SQL文件用于创建存储通道配置信息的表 channel_config。 --     表中记录了通道的相关配置，包括通道ID、参数、创建时间等信息， --     方便系统管理和动态调整通道参数。,id,通道配置id，主键，用于唯一标识每个通道配置,create_by,创建者，记录创建该通道配置的用户ID,create_dept,创建部门，记录创建该通道配置的部门ID,create_time,创建时间，记录通道配置的生成时间,update_by,更新者，记录最后一次更新该通道配置的用户ID,update_time,更新时间，记录最后一次更新该通道配置的时间,channel_id,通道id，外键，关联 channel 表中的通道，标识该配置所属的通道,create_at,创建时间戳，可能用于记录精确的创建时间（与 create_time 可能存在重复）,param,通道配置参数，存储通道的具体配置信息（JSON、XML等格式）,tenant_id,租户ID，用于标识记录所属的租户，支持多租户系统,title,通道配置名称，用于描述或标识该配置
channel_template,此SQL文件用于创建存储通道模板的表 channel_template。 --     该表用于定义通道的模板内容，允许用户根据通道配置定义不同的模板格式， --     以支持不同的业务场景。,id,通道模板id，主键，用于唯一标识每个通道模板,create_by,创建者，记录创建该通道模板的用户ID,create_dept,创建部门，记录创建该通道模板的部门ID,create_time,创建时间，记录通道模板的生成时间,update_by,更新者，记录最后一次更新该通道模板的用户ID,update_time,更新时间，记录最后一次更新该通道模板的时间,channel_config_id,通道配置id，外键，关联 channel_config 表，表示该模板基于某个通道配置,content,通道模板内容，存储模板的具体内容或格式（可扩展为 TEXT 类型以存储更长的内容）,create_at,创建时间戳，可能用于记录精确的创建时间（与 create_time 可能存在重复）,tenant_id,租户ID，用于标识记录所属的租户，支持多租户系统,title,通道模板名称，用于描述或标识该模板
device_config,此SQL文件用于创建存储设备配置信息的表 device_config。 --     该表用于记录设备的配置信息，包括设备的ID、名称、产品Key及其JSON格式的配置内容， --     以支持设备管理和远程配置。,id,设备配置id，主键，用于唯一标识每个设备的配置,create_by,创建者，记录创建该设备配置的用户ID,create_dept,创建部门，记录创建该设备配置的部门ID,create_time,创建时间，记录设备配置的生成时间,update_by,更新者，记录最后一次更新该设备配置的用户ID,update_time,更新时间，记录最后一次更新该设备配置的时间,config,设备配置JSON内容，存储设备的参数配置（建议存储 JSON 格式数据）,create_at,创建时间戳，可能用于记录精确的创建时间（与 create_time 可能存在重复）,device_id,设备id，外键，关联设备表中的设备，标识该配置属于哪个设备,device_name,设备名称，用于标识或描述设备的名称,product_key,产品key，唯一标识设备所属的产品类别,tenant_id,租户ID，用于标识记录所属的租户，支持多租户系统
device_group,此SQL文件用于创建存储设备分组信息的表 device_group。 --     该表用于管理多个设备的分组信息，支持批量管理设备。 --     设备组用于归类管理多个设备，便于批量操作和权限控制。,id,设备组id，主键，用于唯一标识每个设备组,create_by,创建者，记录创建该设备组的用户ID,create_dept,创建部门，记录创建该设备组的部门ID,create_time,创建时间，记录设备组的生成时间,update_by,更新者，记录最后一次更新该设备组的用户ID,update_time,更新时间，记录最后一次更新该设备组的时间,create_at,创建时间戳，可能用于记录精确的创建时间（与 create_time 可能存在重复）,device_qty,设备数量，记录该设备组下的设备总数,name,设备组名称，用于标识或描述设备组,remark,分组说明，存储该设备组的描述信息,tenant_id,租户ID，用于标识记录所属的租户，支持多租户系统,uid,所属用户，记录设备组归属的用户ID
device_group_mapping,此SQL文件用于创建设备与设备组之间的映射关系表 device_group_mapping。 --     该表用于维护设备和设备组之间的多对多关系，每条记录表示一个设备属于某个设备组。,id,设备组映射id，主键，用于唯一标识每条设备与设备组的关系,create_by,创建者，记录创建该映射关系的用户ID,create_dept,创建部门，记录创建该映射关系的部门ID,create_time,创建时间，记录设备组映射关系的创建时间,update_by,更新者，记录最后一次更新该映射关系的用户ID,update_time,更新时间，记录最后一次更新该映射关系的时间,device_id,设备id，外键，关联 device 表，表示该设备所属的设备组,group_id,设备组id，外键，关联 device_group 表，表示该分组包含的设备,tenant_id,租户ID，用于标识记录所属的租户，支持多租户系统
device_info,此SQL文件用于创建设备信息表 device_info。 --     该表用于存储设备的基本信息，包括设备的ID、名称、地理位置、离线，在线状态及相关的时间信息。,id,设备信息ID，主键，用于唯一标识每台设备,create_by,创建者，记录创建该设备信息的用户ID,create_dept,创建部门，记录创建该设备信息的部门ID,create_time,创建时间，记录设备信息的创建时间,update_by,更新者，记录最后一次更新该设备信息的用户ID,update_time,更新时间，记录最后一次更新该设备信息的时间,create_at,创建时间戳，可能用于记录精确的创建时间（与 create_time 可能存在重复）,device_id,设备ID，外键，关联 device 表，标识该设备的唯一标识,device_name,设备名称，存储设备的具体名称，便于识别,latitude,纬度，记录设备的地理位置信息,longitude,经度，记录设备的地理位置信息,model,设备类型，记录设备的型号或类别,offline_time,设备离线时间，记录设备最近一次离线的时间戳,online_time,设备在线时间，记录设备最近一次上线的时间戳,parent_id,父级ID，表示该设备是否属于某个父设备（如网关设备）,product_key,产品Key，唯一标识设备所属的产品类别,secret,设备密钥，设备鉴权所需的密钥信息,state,设备状态，存储设备的当前状态（如在线、离线、故障）,tenant_id,租户ID，用于标识记录所属的租户，支持多租户系统,uid,用户ID，记录设备的归属用户
device_ota_detail,此SQL文件用于创建设备OTA（固件升级）详情表 device_ota_detail。 --     该表用于存储设备的OTA升级过程中的详细信息，包括设备ID、产品Key、升级任务ID、当前步骤等。,id,设备OTA详情ID，主键，用于唯一标识每条OTA升级记录,create_by,创建者，记录创建该OTA升级记录的用户ID,create_dept,创建部门，记录创建该OTA升级记录的部门ID,create_time,创建时间，记录OTA升级记录的创建时间,update_by,更新者，记录最后一次更新该OTA升级记录的用户ID,update_time,更新时间，记录最后一次更新该OTA升级记录的时间,NULL,升级描述，存储OTA升级的描述信息,device_id,设备ID，外键，关联 device 表，表示该升级对应的设备,device_name,设备名称，存储设备的具体名称，便于识别,module,模块名称，标识设备的特定模块或组件（如Wi-Fi、主处理器等）,ota_info_id,OTA信息ID，外键，关联 OTA 任务表，表示该升级属于哪个OTA任务,product_key,产品Key，唯一标识设备所属的产品类别,step,升级进度步骤，标识设备OTA升级的当前进度（如0-未开始，1-下载中，2-升级中，3-完成等）,task_id,OTA任务ID，标识该升级任务的唯一标识,tenant_id,租户ID，用于标识记录所属的租户，支持多租户系统,version,设备固件版本号，记录设备当前或即将升级的固件版本
device_ota_info,该SQL文件用于创建设备OTA（固件升级）任务表 device_ota_info。 --     该表用于存储OTA升级任务的整体信息，如升级的目标设备数、成功/失败统计等。,id,OTA任务ID，主键，唯一标识每个OTA升级任务,create_by,创建者，记录创建该OTA升级任务的用户ID,create_dept,创建部门，记录创建该OTA升级任务的部门ID,create_time,创建时间，记录OTA任务的创建时间,update_by,更新者，记录最后一次更新该OTA升级任务的用户ID,update_time,更新时间，记录最后一次更新该OTA升级任务的时间,create_at,任务创建时间戳，记录任务的精确创建时间,NULL,任务描述，存储OTA升级任务的简要说明,fail,失败设备数，记录在此OTA任务中升级失败的设备数量,module,模块名称，标识本次OTA升级的具体模块（如Wi-Fi、主处理器等）,package_id,升级包ID，外键，指向存储的OTA固件包,product_key,产品Key，唯一标识设备所属的产品类别,success,成功设备数，记录本次OTA任务中升级成功的设备数量,tenant_id,租户ID，用于标识该OTA任务属于哪个租户，支持多租户系统,total,总设备数，记录参与此OTA任务的设备总数量,version,目标固件版本号，表示本次OTA任务要升级的版本
device_sub_user,该SQL文件用于创建设备子用户表 device_sub_user。 --     该表用于存储与设备关联的子用户信息，包括设备与子用户之间的关联关系。,id,子用户关联记录ID，主键，唯一标识每个设备与子用户的关联关系,create_by,创建者，记录创建该子用户关联关系的用户ID,create_dept,创建部门，记录创建该子用户关联关系的部门ID,create_time,创建时间，记录该子用户关联关系的创建时间,update_by,更新者，记录最后一次更新该子用户关联关系的用户ID,update_time,更新时间，记录最后一次更新该子用户关联关系的时间,device_id,设备ID，外键，指向设备表，表示该子用户关联的设备,tenant_id,租户ID，用于标识记录所属的租户，支持多租户系统,uid,设备用户ID，标识与设备关联的子用户的唯一标识
device_tag,该SQL文件用于创建设备标签表 device_tag。 --     该表用于存储设备的扩展标签信息，支持为设备添加自定义属性标签。,id,主键ID，唯一标识标签记录，建议使用UUID或雪花算法生成,create_by,创建者用户ID，外键关联用户表(user.id),create_dept,创建部门ID，外键关联部门表(dept.id),create_time,记录创建时间（UTC时区），格式: YYYY-MM-DD HH:MM:SS,update_by,最后更新者用户ID，外键关联用户表(user.id),update_time,最后更新时间（UTC时区），格式: YYYY-MM-DD HH:MM:SS,code,标签业务编码（需保证唯一性），如 TEMPERATURE_SENSOR,device_id,外键关联设备表(device.id)，标识标签所属设备,name,标签展示名称（如中文名称），如 温度传感器,tenant_id,租户ID，外键关联租户表(tenant.id)，实现多租户数据隔离,value,标签值，存储实际业务数据（如 36.5），单位在业务逻辑中定义
home,该SQL文件用于创建智能家庭管理表 home。 --     该表用于存储家庭基础信息及设备空间元数据，支持多租户家庭体系管理。,id,主键ID，唯一标识家庭记录，建议使用雪花算法生成,create_by,创建者用户ID，外键关联用户表(user.id),create_dept,创建部门ID，外键关联部门表(dept.id),create_time,记录创建时间（UTC时区），格式: YYYY-MM-DD HH:MM:SS,update_by,最后更新者用户ID，外键关联用户表(user.id),update_time,最后更新时间（UTC时区），格式: YYYY-MM-DD HH:MM:SS,address,家庭物理地址，格式: 国家+省市区+详细地址，如 中国北京市海淀区xx路10号,current,当前使用标识（1:是 0:否），每个用户最多有1个当前家庭,device_num,设备总数（需通过触发器或应用逻辑维护，与device表实时同步）,name,家庭名称（用户自定义），如 幸福之家,space_num,空间总数（需通过space表统计维护，如客厅/卧室等）,tenant_id,租户ID，外键关联租户表(tenant.id)，实现多租户数据隔离,user_id,所属用户ID，外键关联用户表(user.id)，标识家庭管理员
icon,该SQL文件用于创建图标表 icon。 --     该表用于存储系统中的图标信息，支持图标内容、分类、版本等管理。,id,图标ID，主键，唯一标识每个图标记录,create_by,创建者，记录创建该图标的用户ID,create_dept,创建部门，记录创建该图标的部门ID,create_time,创建时间，记录图标的创建时间,update_by,更新者，记录最后一次更新该图标的用户ID,update_time,更新时间，记录最后一次更新该图标的时间,icon_content,图标内容，存储图标的具体数据或内容（如SVG代码等）,icon_name,图标名称，标识图标的名称,icon_type_id,图标分类ID，外键，指向图标分类表，表示该图标的类型或类别,tenant_id,租户ID，用于标识图标所属的租户，支持多租户系统,version,图标版本，标识该图标的版本信息,view_box,视窗缩放，图标视窗的属性（如SVG中的viewBox属性）,xmlns,命名空间，图标内容的命名空间（如SVG的xmlns属性）
icon_type,该SQL文件用于创建图标分类表 icon_type。 --     该表用于存储图标的分类信息，如图标所属的类型（例如系统图标、用户自定义图标等）。,id,主键ID，唯一标识每个图标分类记录,create_by,创建者，记录创建该图标分类的用户ID,create_dept,创建部门，记录创建该图标分类的部门ID,create_time,创建时间，记录图标分类的创建时间,update_by,更新者，记录最后一次更新该图标分类的用户ID,update_time,更新时间，记录最后一次更新该图标分类的时间,tenant_id,租户ID，用于标识图标分类所属的租户，支持多租户系统,type_describe,分类描述，描述该图标分类的含义或用途,type_name,分类名称，标识图标分类的名称，例如“系统图标”、“自定义图标”
modbus_info,该SQL文件用于创建Modbus设备信息表 modbus_info。 --     该表用于存储Modbus设备的配置信息，包括产品名称、productKey、用户、租户等信息。,id,主键ID，唯一标识每个Modbus设备的配置信息,create_at,创建时间，记录Modbus设备配置的创建时间,name,产品名称，标识Modbus设备的名称,product_key,产品Key，用于唯一标识Modbus设备，通常与设备的身份和权限关联,remark,说明，提供关于该Modbus设备的一些备注或描述信息,tenant_id,租户ID，标识该Modbus设备配置所属的租户，支持多租户系统,uid,配置所属用户ID，标识与该Modbus设备配置相关的用户,update_at,更新时间，记录Modbus设备配置的最后更新时间
modbus_thing_model,该SQL文件用于创建Modbus设备模型表 modbus_thing_model。 --     该表用于存储与Modbus设备相关的设备模型信息，包括模型内容、产品Key、租户等信息。,id,主键，唯一标识每个Modbus设备模型,model,模型内容，包含Modbus设备的详细模型配置，通常是JSON或类似格式的配置数据,product_key,产品Key，用于唯一标识Modbus设备，通常与设备身份和权限关联,tenant_id,租户ID，标识该Modbus设备模型所属的租户，支持多租户系统,update_at,更新时间，记录Modbus设备模型的最后更新时间
notify_message,该SQL文件用于创建通知消息表 notify_message。 --     该表用于存储系统发送的通知消息信息，包括消息内容、消息类型、状态等。,id,通知消息ID，唯一标识每条通知消息,create_by,创建者，记录该通知消息的创建者用户ID,create_dept,创建部门，记录该通知消息所属的创建部门ID,create_time,创建时间，记录通知消息的创建时间,update_by,更新者，记录最后一次更新该通知消息的用户ID,update_time,更新时间，记录最后一次更新通知消息的时间,content,消息内容，存储该通知消息的详细信息或正文,create_at,创建时间的时间戳，提供系统中的精确创建时间,message_type,消息类型，标识该通知消息的类型（如警告、信息、错误等）,status,消息状态，表示该消息是否已读或已处理（0-未读，1-已读等）,tenant_id,租户ID，用于标识该通知消息所属的租户，支持多租户系统,update_at,更新时间的时间戳，记录最后更新时间的精确时间
oauth_client,该SQL文件用于创建OAuth客户端表 oauth_client。 --     该表用于存储OAuth客户端相关信息，包括客户端ID、密钥、允许访问的URL等。,id,唯一标识每个OAuth客户端的ID,create_by,创建者，记录该OAuth客户端信息的创建者用户ID,create_dept,创建部门，记录该OAuth客户端信息所属的创建部门ID,create_time,创建时间，记录该OAuth客户端信息的创建时间,update_by,更新者，记录最后一次更新该OAuth客户端信息的用户ID,update_time,更新时间，记录最后一次更新OAuth客户端信息的时间,allow_url,允许访问的URL，指定OAuth客户端能够访问的URL列表，通常是授权回调URL,client_id,客户端ID，用于唯一标识OAuth客户端，通常用于OAuth认证流程中进行身份验证,client_secret,客户端密钥，用于OAuth认证中的客户端验证，确保只有授权的客户端可以访问资源,create_at,创建时间的时间戳，提供系统中的精确创建时间,name,客户端名称，用于描述该OAuth客户端的名称，通常为易于理解的标识,tenant_id,租户ID，标识该OAuth客户端所属的租户，支持多租户系统
oper_log,该SQL文件用于创建操作日志表 oper_log。 --     该表用于记录系统中的各种操作日志，包含操作的详细信息，如操作人员、操作内容、请求参数等。,id,日志主键，唯一标识每一条日志记录,business_type,"业务类型，区分不同的操作类型 (0 其它, 1 新增, 2 修改, 3 删除)",cost_time,消耗时间，记录操作执行的时间长度（单位：毫秒）,dept_name,部门名称，记录执行操作的部门名称,error_msg,错误消息，若操作发生错误，记录错误详细信息,json_result,返回参数，记录操作执行后的返回结果，以JSON格式存储,method,请求方法，记录被调用的方法名称,oper_ip,操作地址，记录操作的IP地址,oper_location,操作地点，记录操作发生的地理位置或设备信息,oper_name,操作人员，记录执行该操作的人员名称,oper_param,请求参数，记录发起请求时携带的参数，以JSON格式存储,oper_time,操作时间，记录具体的操作发生时间,oper_url,请求URL，记录请求的URL地址,operator_type,"操作类别，区分操作的发起者 (0 其它, 1 后台用户, 2 手机端用户)",request_method,"请求方式，记录请求的HTTP方法（GET, POST等）",status,"操作状态，记录操作的状态 (0 正常, 1 异常)",tenant_id,租户编号，标识操作所属的租户,title,操作模块，记录操作所属的模块名称
ota_device,该SQL文件用于创建OTA设备表 ota_device。 --     该表用于记录设备的OTA（Over-The-Air）升级信息，包括设备状态、版本、创建时间等。,id,主键id，唯一标识每一条OTA设备记录,create_by,创建者，记录创建该设备记录的用户ID,create_dept,创建部门，记录创建该设备记录的部门ID,create_time,创建时间，记录设备记录的创建时间,update_by,更新者，记录更新该设备记录的用户ID,update_time,更新时间，记录设备记录的最后更新时间,create_at,设备创建时间，记录设备的初次创建时间（Unix时间戳）,device_id,设备ID，唯一标识设备,device_name,设备名称，记录设备的名称或描述,status,设备状态，表示设备的当前状态，如0为离线，1为在线,tenant_id,租户ID，标识该设备所属的租户,version,设备版本，记录设备的当前软件版本
ota_package,该SQL文件用于创建OTA升级包表 ota_package。 --     该表用于记录OTA升级包的信息，包括包的版本、大小、MD5值、URL等。,id,主键id，唯一标识每一条OTA升级包记录,create_by,创建者，记录创建该OTA包记录的用户ID,create_dept,创建部门，记录创建该OTA包记录的部门ID,create_time,创建时间，记录OTA包记录的创建时间,update_by,更新者，记录更新该OTA包记录的用户ID,update_time,更新时间，记录OTA包记录的最后更新时间,create_at,OTA包创建时间，记录OTA包的创建时间（Unix时间戳）,NULL,OTA包描述，描述OTA包的内容和用途,ext_data,扩展数据，存储额外信息，如兼容设备等,is_diff,是否为差分包，0表示不是差分包，1表示是差分包,md5,OTA包的MD5校验值，用于验证包的完整性,module,OTA包的模块，表示该包包含的模块或功能,name,OTA包名称，描述该包的名称或版本标识,product_key,产品key，标识该包属于哪个产品,sign,签名，OTA包的签名用于确保包的合法性,sign_method,签名方法，描述使用的签名算法或方式,size,OTA包的大小，以字节为单位,tenant_id,租户ID，标识该OTA包所属的租户,url,OTA包的下载链接，用于设备获取包文件,version,OTA包的版本号，标识该OTA包的版本
plugin_info,该SQL文件用于创建插件信息表 plugin_info。 --     该表用于记录插件信息，包括插件名称、配置、版本、部署方式等。,id,插件信息主键id，唯一标识每一条插件记录,create_by,创建者，记录创建该插件记录的用户ID,create_dept,创建部门，记录创建该插件记录的部门ID,create_time,创建时间，记录插件信息记录的创建时间,update_by,更新者，记录更新该插件记录的用户ID,update_time,更新时间，记录插件信息记录的最后更新时间,config,插件配置信息，存储插件的配置信息，如参数等,config_schema,插件配置项描述信息，描述插件配置信息的结构和规则,deploy_type,部署方式，描述插件的部署方式，如单机、集群等,description,插件描述，描述插件的功能和用途,file,插件包地址，存储插件包文件的下载路径或位置,name,插件名称，标识插件的名称,plugin_id,插件包id，标识该插件的唯一标识符,protocol,设备插件协议类型，描述插件支持的协议类型,script,插件脚本，存储插件的脚本内容或路径,state,插件状态，描述插件的当前状态，如启用、禁用等,tenant_id,租户编号，标识该插件所属的租户,type,插件类型，描述插件的类别，如设备插件、数据处理插件等,version,插件版本，记录插件的版本号
plugin_instance,该SQL文件用于创建插件实例表 plugin_instance。 --     该表用于记录插件实例的信息，包括插件的主程序ID、心跳时间、IP地址、端口等。,id,插件实例ID，唯一标识每一条插件实例记录,create_by,创建者，记录创建该插件实例记录的用户ID,create_dept,创建部门，记录创建该插件实例记录的部门ID,create_time,创建时间，记录插件实例记录的创建时间,update_by,更新者，记录更新该插件实例记录的用户ID,update_time,更新时间，记录插件实例记录的最后更新时间,heartbeat_at,心跳时间，记录插件实例的最后心跳时间（Unix时间戳）,ip,插件主程序所在IP地址，记录插件实例所在的服务器IP,main_id,插件主程序ID，标识插件主程序的唯一标识符,plugin_id,插件ID，关联插件信息表中的插件ID,port,插件主程序端口，标识插件实例的端口号,tenant_id,租户ID，标识该插件实例所属的租户
product,该SQL文件用于创建产品表 product。 --     该表用于记录产品的信息，包括产品名称、密钥、图标、定位等。,id,产品ID，唯一标识每一条产品记录,create_by,创建者，记录创建该产品记录的用户ID,create_dept,创建部门，记录创建该产品记录的部门ID,create_time,创建时间，记录产品记录的创建时间,update_by,更新者，记录更新该产品记录的用户ID,update_time,更新时间，记录产品记录的最后更新时间,category,品类，表示产品所属的分类或类型,create_at,产品创建时间，记录产品的创建时间（Unix时间戳）,icon_id,产品图标ID，关联到图标表中的图标ID,img,产品图片，记录产品的相关图片链接,is_open_locate,是否开启设备定位，true表示开启，false表示关闭,keep_alive_time,保活时长（秒），表示设备的保活时间，单位为秒,locate_update_type,定位更新方式，记录定位更新的具体策略或方式,name,产品名称，记录产品的名称,node_type,节点类型，标识产品节点的类型（如设备、传感器等）,product_key,产品key，唯一标识该产品,product_secret,产品密钥，用于产品身份验证,tenant_id,租户ID，标识该产品所属的租户,transparent,是否透传，true表示透传，false表示不透传,uid,用户ID，记录与该产品相关联的用户ID
product_model,该SQL文件用于创建产品型号表 product_model。 --     该表用于记录产品的型号、脚本内容、产品Key等信息。,id,型号ID，唯一标识每一条型号记录,create_by,创建者，记录创建该型号记录的用户ID,create_dept,创建部门，记录创建该型号记录的部门ID,create_time,创建时间，记录型号记录的创建时间,update_by,更新者，记录更新该型号记录的用户ID,update_time,更新时间，记录型号记录的最后更新时间,model,型号，表示产品的型号,modify_at,修改时间，记录型号的最后修改时间（Unix时间戳）,name,名称，记录型号的名称,product_key,产品Key，标识该型号对应的产品,script,脚本内容，存储与该型号相关的脚本信息,state,脚本状态，表示脚本当前的状态（例如：启用、禁用）,tenant_id,租户ID，标识该型号所属的租户,type,脚本类型，表示脚本的类型（例如：初始化、更新等）
rule_info,该SQL文件用于创建规则信息表 rule_info。 --     该表用于记录规则的详细信息，包括规则的动作、过滤器、监听器等。,id,规则ID，唯一标识每一条规则记录,create_by,创建者，记录创建该规则记录的用户ID,create_dept,创建部门，记录创建该规则记录的部门ID,create_time,创建时间，记录规则记录的创建时间,update_by,更新者，记录更新该规则记录的用户ID,update_time,更新时间，记录规则记录的最后更新时间,actions,动作，描述规则触发时需要执行的操作或动作,create_at,规则创建时间，记录规则的创建时间（Unix时间戳）,NULL,描述，描述该规则的功能和用途,filters,过滤器，定义规则应用的条件,listeners,监听器，描述规则触发时的事件监听器,name,规则名称，标识该规则的名称,state,状态，表示规则当前的状态（如启用、禁用等）,tenant_id,租户ID，标识该规则所属的租户,type,规则类型，表示规则的类型（例如：业务规则、系统规则等）,uid,用户ID，表示该规则所属的用户
screen,该SQL文件用于创建屏幕信息表 screen。 --     该表用于记录屏幕的详细信息，包括屏幕名称、端口、资源文件等。,id,主键id，唯一标识每一条屏幕记录,create_at,创建时间，记录屏幕的创建时间（Unix时间戳）,is_default,是否为默认屏幕，0表示不是默认，1表示是默认屏幕,name,屏幕名称，标识该屏幕的名称,port,端口号，标识屏幕的端口配置,resource_file,资源文件路径，存储屏幕所需的资源文件,state,屏幕状态，表示屏幕当前的状态（如启用、禁用等）
screen_api,该SQL文件用于创建屏幕API表 screen_api。 --     该表用于记录与屏幕相关的API信息，包括API路径、请求方法、参数等。,id,主键id，唯一标识每一条屏幕API记录,api_params,API请求参数，描述API接口的请求参数,api_path,API路径，指定该API接口的路径,create_at,创建时间，记录API的创建时间（Unix时间戳）,data_source,数据源，指明API请求数据来源（如数据库、外部服务等）,http_method,HTTP请求方法，描述API接口的请求方法（GET、POST、PUT等）,screen_id,屏幕ID，关联到具体的屏幕记录,script,脚本内容，存储与API接口相关的执行脚本
space,该SQL文件用于创建空间表 space。 --     该表用于记录空间的信息，包括空间名称、设备数量、关联家庭等。,id,主键id，唯一标识每一个空间,create_by,创建者，记录创建该空间记录的用户ID,create_dept,创建部门，记录创建该空间记录的部门ID,create_time,创建时间，记录空间信息的创建时间,update_by,更新者，记录更新该空间记录的用户ID,update_time,更新时间，记录空间信息的最后更新时间,device_num,设备数量，记录该空间中包含的设备数量,home_id,关联家庭id，记录该空间属于哪个家庭,name,空间名称，描述该空间的名称,tenant_id,租户编号，标识该空间所属的租户
space_device,该SQL文件用于创建空间设备表 space_device。 --     该表用于记录空间中设备的信息，包括设备ID、设备名称、是否收藏等。,id,主键id，唯一标识每一个空间中的设备,create_by,创建者，记录创建该设备记录的用户ID,create_dept,创建部门，记录创建该设备记录的部门ID,create_time,创建时间，记录设备信息的创建时间,update_by,更新者，记录更新该设备记录的用户ID,update_time,更新时间，记录设备信息的最后更新时间,collect,是否收藏，表示该设备是否被标记为收藏,device_id,设备ID，记录设备的唯一标识,home_id,所属家庭ID，记录设备属于哪个家庭,name,设备名称，描述设备的名称,space_id,空间ID，记录设备所在的空间ID,tenant_id,租户编号，标识该设备所属的租户
sys_app,该SQL文件用于创建系统应用表 sys_app。 --     该表用于记录系统应用的信息，包括应用的ID、名称、类型、秘钥等。,id,主键id，唯一标识每一个系统应用,create_by,创建者，记录创建该应用记录的用户ID,create_dept,创建部门，记录创建该应用记录的部门ID,create_time,创建时间，记录应用信息的创建时间,update_by,更新者，记录更新该应用记录的用户ID,update_time,更新时间，记录应用信息的最后更新时间,app_id,应用ID，记录应用的唯一标识,app_name,应用名称，描述该应用的名称,app_secret,应用秘钥，用于验证该应用的合法性,app_type,应用类型，描述该应用的类型（如：Web、Mobile等）,remark,备注，记录有关该应用的附加信息,tenant_id,租户编号，标识该应用所属的租户
sys_config,该SQL文件用于创建系统配置表 sys_config。 --     该表用于存储系统中的配置信息，包括参数的键名、键值、类型等。,id,参数主键，唯一标识每一条配置记录,create_by,创建者，记录创建该配置记录的用户ID,create_dept,创建部门，记录创建该配置记录的部门ID,create_time,创建时间，记录配置信息的创建时间,update_by,更新者，记录更新该配置记录的用户ID,update_time,更新时间，记录配置信息的最后更新时间,config_key,参数键名，唯一标识该配置项的名称,config_name,参数名称，描述该配置项的含义,config_type,系统内置（Y是 N否），标识该配置是否为系统内置,config_value,参数键值，配置项的实际值,remark,备注，记录有关该配置项的附加信息,tenant_id,租户编号，标识该配置项所属的租户
sys_dept,该SQL文件用于创建部门表 sys_dept。 --     该表用于记录系统中的部门信息，包括部门名称、负责人、联系电话等。,id,部门ID，唯一标识每个部门,create_by,创建者，记录创建该部门的用户ID,create_dept,创建部门，记录创建该部门的部门ID,create_time,创建时间，记录部门的创建时间,update_by,更新者，记录更新该部门的用户ID,update_time,更新时间，记录部门的最后更新时间,ancestors,祖级列表，记录部门的上级部门路径,del_flag,删除标志（0代表存在 2代表删除）,dept_name,部门名称，描述部门的名称,email,邮箱，部门的联系邮箱,leader,负责人，部门的负责人,order_num,显示顺序，部门在列表中的显示顺序,parent_id,父部门ID，记录该部门所属的上级部门ID,phone,联系电话，部门的联系电话,status,"部门状态：0正常,1停用，表示部门的当前状态",tenant_id,租户ID，标识该部门所属的租户
sys_dict_data,该SQL文件用于创建字典数据表 sys_dict_data。 --     该表用于存储字典数据，包含字典标签、字典类型、字典键值等信息。,id,字典编码，唯一标识每条字典记录,create_by,创建者，记录创建该字典数据的用户ID,create_dept,创建部门，记录创建该字典数据的部门ID,create_time,创建时间，记录字典数据的创建时间,update_by,更新者，记录更新该字典数据的用户ID,update_time,更新时间，记录字典数据的最后更新时间,css_class,样式属性（其他样式扩展），用于在前端展示时的样式控制,dict_label,字典标签，表示字典数据的标签名称,dict_sort,字典排序，表示字典数据的显示顺序,dict_type,字典类型，表示字典数据所属的类型，如性别、状态等,dict_value,字典键值，字典的具体值,is_default,是否默认（Y是 N否），标识是否为默认字典项,list_class,表格字典样式，表格展示时的样式类别,remark,备注，记录字典数据的附加信息,status,状态（0正常 1停用），标识字典数据的当前状态,tenant_id,租户编号，标识该字典数据所属的租户
sys_dict_type,该SQL文件用于创建字典类型表 sys_dict_type。 --     该表用于存储字典的类型信息，包括字典名称、字典类型、状态等。,id,字典主键，唯一标识每一条字典类型记录,create_by,创建者，记录创建该字典类型的用户ID,create_dept,创建部门，记录创建该字典类型的部门ID,create_time,创建时间，记录字典类型的创建时间,update_by,更新者，记录更新该字典类型的用户ID,update_time,更新时间，记录字典类型的最后更新时间,dict_name,字典名称，表示字典类型的名称,dict_type,字典类型，表示该字典项的类型（如性别、状态等）,remark,备注，记录字典类型的附加信息,status,状态（0正常 1停用），表示字典类型的当前状态,tenant_id,租户编号，标识该字典类型所属的租户
sys_logininfor,该SQL文件用于创建登录信息表 sys_logininfor。 --     该表用于记录用户的登录信息，包括登录时间、IP地址、浏览器类型、操作系统等。,id,ID，唯一标识每一条登录记录,create_by,创建者，记录创建该登录记录的用户ID,create_dept,创建部门，记录创建该登录记录的部门ID,create_time,创建时间，记录登录记录的创建时间,update_by,更新者，记录更新该登录记录的用户ID,update_time,更新时间，记录登录记录的最后更新时间,browser,浏览器类型，记录用户使用的浏览器信息,ipaddr,登录IP地址，记录用户登录时的IP地址,login_location,登录地点，记录用户登录的物理地点,login_time,访问时间，记录用户登录的具体时间,msg,提示消息，记录登录的相关提示信息,os,操作系统，记录用户登录时使用的操作系统,status,登录状态（0成功，1失败），表示登录是否成功,tenant_id,租户编号，标识该登录记录所属的租户,user_name,用户账号，记录用户的登录账号
sys_menu,该SQL文件用于创建菜单表 sys_menu。 --     该表用于记录系统菜单的信息，包括菜单名称、类型、权限、路由等。,menu_id,菜单ID，唯一标识每个菜单,create_by,创建者，记录创建该菜单的用户ID,create_dept,创建部门，记录创建该菜单的部门ID,create_time,创建时间，记录菜单的创建时间,update_by,更新者，记录更新该菜单的用户ID,update_time,更新时间，记录菜单的最后更新时间,component,组件路径，记录与菜单关联的组件路径,icon,菜单图标，记录菜单的图标信息,is_cache,是否缓存（0缓存，1不缓存），记录菜单是否启用缓存,is_frame,是否为外链（0是，1否），标记该菜单是否为外部链接,menu_name,菜单名称，记录菜单的名称,menu_type,类型（M目录，C菜单，F按钮），标记菜单类型,order_num,显示顺序，记录菜单显示的顺序,parent_id,父菜单ID，记录该菜单的上级菜单ID,path,路由地址，记录菜单对应的路由地址,perms,权限字符串，记录与该菜单相关联的权限,query_param,路由参数，记录路由需要的参数,remark,备注，记录额外的信息或说明,status,菜单状态（0正常，1停用），标记该菜单是否启用,visible,显示状态（0显示，1隐藏），记录菜单的显示状态
sys_notice,该SQL文件用于创建公告表 sys_notice。 --     该表用于记录系统公告的信息，包括公告内容、类型、状态等。,id,公告ID，唯一标识每个公告,create_by,创建者，记录创建该公告的用户ID,create_dept,创建部门，记录创建该公告的部门ID,create_time,创建时间，记录公告的创建时间,update_by,更新者，记录更新该公告的用户ID,update_time,更新时间，记录公告的最后更新时间,notice_content,公告内容，记录公告的详细内容,notice_title,公告标题，记录公告的标题,notice_type,公告类型（1通知，2公告），标记公告的类型,remark,备注，记录额外的信息或说明,status,公告状态（0正常，1关闭），标记该公告的状态,tenant_id,租户编号，标记该公告所属的租户
sys_oss,该SQL文件用于创建对象存储表 sys_oss。 --     该表用于记录对象存储的信息，包括文件名、后缀名、服务商等。,id,对象存储主键，唯一标识每个对象存储记录,create_by,创建者，记录创建该存储记录的用户ID,create_dept,创建部门，记录创建该存储记录的部门ID,create_time,创建时间，记录对象存储记录的创建时间,update_by,更新者，记录更新该存储记录的用户ID,update_time,更新时间，记录对象存储记录的最后更新时间,file_name,文件名，记录存储对象的文件名,file_suffix,文件后缀名，记录存储对象的文件类型后缀,original_name,原名，记录上传前的文件原名,service,服务商，标记使用的对象存储服务商,tenant_id,租户编号，标记该存储记录所属的租户,url,URL地址，记录对象存储的访问地址
sys_oss_config,该SQL文件用于创建对象存储配置表 sys_oss_config。 --     该表用于记录和管理与对象存储相关的配置信息，如桶名称、访问密钥、权限设置等。,id,主键，唯一标识每条配置记录,create_by,创建者，记录创建该配置的用户ID,create_dept,创建部门，记录创建该配置的部门ID,create_time,创建时间，记录对象存储配置的创建时间,update_by,更新者，记录更新该配置的用户ID,update_time,更新时间，记录对象存储配置的最后更新时间,access_key,AccessKey，记录对象存储的访问密钥,access_policy,桶权限类型（0：private，1：public，2：custom）,bucket_name,桶名称，记录对象存储桶的名称,config_key,配置Key，用于标识存储配置,domain,自定义域名，记录访问存储的域名,endpoint,访问站点，记录存储的访问URL,ext1,扩展字段，用于存储其他附加信息,is_https,是否启用HTTPS（0：否，1：是）,prefix,前缀，记录存储文件的前缀路径,region,域，记录存储桶所在的地域,remark,备注，记录该配置的附加说明,secret_key,SecretKey，记录对象存储的访问密钥,status,是否默认（0：是，1：否）,tenant_id,租户编号，标记该存储配置所属的租户
sys_post,该SQL文件用于创建岗位表 sys_post。 --     该表用于记录和管理系统中的岗位信息，如岗位编码、岗位名称、岗位排序等。,id,岗位序号，唯一标识每个岗位,create_by,创建者，记录创建该岗位的用户ID,create_dept,创建部门，记录创建该岗位的部门ID,create_time,创建时间，记录岗位信息的创建时间,update_by,更新者，记录更新该岗位的用户ID,update_time,更新时间，记录岗位信息的最后更新时间,post_code,岗位编码，用于唯一标识岗位,post_name,岗位名称，记录岗位的名称,post_sort,岗位排序，用于设置岗位显示顺序,remark,备注，记录岗位的附加说明,status,岗位状态（0正常 1停用）,tenant_id,租户编号，标识该岗位所属的租户
sys_role,该SQL文件用于创建角色表 sys_role。 --     该表用于记录和管理系统中的角色信息，如角色名称、角色权限、角色排序等。,id,角色ID，唯一标识每个角色,create_by,创建者，记录创建该角色的用户ID,create_dept,创建部门，记录创建该角色的部门ID,create_time,创建时间，记录角色信息的创建时间,update_by,更新者，记录更新该角色的用户ID,update_time,更新时间，记录角色信息的最后更新时间,data_scope,数据范围（1：所有数据权限；2：自定义数据权限；3：本部门数据权限；4：本部门及以下数据权限；5：仅本人数据权限）,del_flag,删除标志（0代表存在 2代表删除）,dept_check_strictly,部门树选择项是否关联显示（0：父子不互相关联显示 1：父子互相关联显示）,menu_check_strictly,菜单树选择项是否关联显示（0：父子不互相关联显示 1：父子互相关联显示）,remark,备注，记录角色的附加说明,role_key,角色权限，用于标识角色的权限,role_name,角色名称，记录角色的名称,role_sort,角色排序，用于设置角色显示顺序,status,角色状态（0正常 1停用）,tenant_id,租户编号，标识该角色所属的租户
sys_role_dept,该SQL文件用于创建角色与部门的关联表 sys_role_dept。 --     该表用于记录系统中角色与部门的关联关系。,id,主键，唯一标识每条角色与部门的关联记录,create_by,创建者，记录创建该关联关系的用户ID,create_dept,创建部门，记录创建该关联关系的部门ID,create_time,创建时间，记录角色与部门关联关系的创建时间,update_by,更新者，记录更新该关联关系的用户ID,update_time,更新时间，记录角色与部门关联关系的最后更新时间,dept_id,部门ID，表示该角色所属的部门,role_id,角色ID，表示该部门关联的角色,tenant_id,租户编号，标识该角色与部门关联关系所属的租户
sys_role_menu,该SQL文件用于创建角色与菜单的关联表 sys_role_menu。 --     该表用于记录系统中角色与菜单的关联关系。,id,主键，唯一标识每条角色与菜单的关联记录,create_by,创建者，记录创建该关联关系的用户ID,create_dept,创建部门，记录创建该关联关系的部门ID,create_time,创建时间，记录角色与菜单关联关系的创建时间,update_by,更新者，记录更新该关联关系的用户ID,update_time,更新时间，记录角色与菜单关联关系的最后更新时间,menu_id,菜单ID，表示该角色关联的菜单,role_id,角色ID，表示该菜单关联的角色,tenant_id,租户编号，标识该角色与菜单关联关系所属的租户
sys_tenant,该SQL文件用于创建租户表 sys_tenant。 --     该表用于记录系统中的租户信息，如租户基本信息、账户数量、联系方式等。,id,租户的唯一标识id,create_by,创建者，记录创建租户的用户ID,create_dept,创建部门，记录创建租户的部门ID,create_time,租户创建时间,update_by,更新者，记录更新租户的用户ID,update_time,租户最后更新时间,account_count,用户数量（-1表示不限制用户数量）,address,租户地址,company_name,租户公司名称,contact_phone,联系人联系电话,contact_user_name,联系人姓名,del_flag,删除标志（0代表存在，2代表删除）,domain,租户域名,expire_time,租户过期时间,intro,租户简介,license_number,租户统一社会信用代码,package_id,租户套餐编号,remark,备注,status,租户状态（0代表正常，1代表停用）,tenant_id,租户编号
sys_tenant_package,该SQL文件用于创建租户套餐表 sys_tenant_package。 --     该表用于记录不同租户套餐的基本信息，包含套餐的名称、状态、关联菜单等。,id,租户套餐唯一标识ID,create_by,创建者，记录创建租户套餐的用户ID,create_dept,创建部门，记录创建租户套餐的部门ID,create_time,租户套餐创建时间,update_by,更新者，记录更新租户套餐的用户ID,update_time,租户套餐最后更新时间,del_flag,删除标志（0代表存在，2代表删除）,menu_check_strictly,菜单树选择项是否关联显示（0：父子不互相关联显示 1：父子互相关联显示）,menu_ids,关联菜单ID（存储菜单ID列表）,package_name,套餐名称,remark,备注,status,套餐状态（0正常，1停用）
sys_user,该SQL文件用于创建用户表 sys_user。 --     该表用于记录系统中所有用户的基本信息，包括用户账号、密码、联系方式等。,id,用户ID,create_by,创建者，记录创建该用户的用户ID,create_dept,创建部门，记录创建该用户的部门ID,create_time,用户创建时间,update_by,更新者，记录更新该用户的用户ID,update_time,用户最后更新时间,avatar,用户头像的ID,del_flag,删除标志（0代表存在，2代表删除）,dept_id,用户所属部门ID,email,用户邮箱,login_date,用户最后登录时间,login_ip,用户最后登录IP,nick_name,用户昵称,password,用户密码,phonenumber,用户手机号码,remark,备注,sex,用户性别,status,帐号状态（0正常，1停用）,tenant_id,租户编号,user_name,用户账号,user_type,用户类型（sys_user表示系统用户）
sys_user_post,该SQL文件用于创建用户岗位关联表 sys_user_post。 --     该表用于记录用户和岗位之间的关联关系。,id,主键ID,create_by,创建者，记录创建该关联的用户ID,create_dept,创建部门，记录创建该关联的部门ID,create_time,创建时间,update_by,更新者，记录更新该关联的用户ID,update_time,更新时间,post_id,岗位ID,tenant_id,租户编号,user_id,用户ID，表示用户与岗位的关联
sys_user_role,该SQL文件用于创建用户角色关联表 sys_user_role。 --     该表用于记录用户和角色之间的关联关系。,id,主键ID,create_by,创建者，记录创建该关联的用户ID,create_dept,创建部门，记录创建该关联的部门ID,create_time,创建时间,update_by,更新者，记录更新该关联的用户ID,update_time,更新时间,role_id,角色ID,tenant_id,租户编号,user_id,用户ID，表示用户和角色的关联
task_info,该SQL文件用于创建任务信息表 task_info。 --     该表用于记录任务的信息，包括任务的状态、描述、执行结果等。,id,主键，唯一标识每个任务,create_by,创建者，记录创建该任务的用户ID,create_dept,创建部门，记录创建该任务的部门ID,create_time,创建时间，记录任务创建的时间,update_by,更新者，记录更新该任务的用户ID,update_time,更新时间，记录任务最后一次更新的时间,actions,任务输出，记录任务执行过程中的输出信息,create_at,创建时间，记录任务创建的时间戳,NULL,描述，简要描述任务的内容和目标,expression,表达式，任务的执行表达式或条件,name,任务名称，任务的唯一标识名,reason,操作备注，记录任务操作时的备注信息,state,任务状态，表示任务当前的状态,tenant_id,租户编号，标识任务所属的租户,type,任务类型，表示任务的种类或类型,uid,创建者，记录任务创建者的标识
thing_model,该SQL文件用于创建产品模型表 thing_model。 --     该表用于记录产品模型的相关信息，包括模型内容和产品 key。,id,主键，唯一标识每个设备模型,create_by,创建者，记录创建该模型的用户ID,create_dept,创建部门，记录创建该模型的部门ID,create_time,创建时间，记录模型创建的时间,update_by,更新者，记录更新该模型的用户ID,update_time,更新时间，记录模型最后一次更新的时间,model,模型内容，设备模型的详细定义和配置,product_key,产品key，唯一标识产品的Key,tenant_id,租户编号，标识模型所属的租户
user_info,该SQL文件用于创建用户信息表 user_info。 --     该表用于存储用户的基本信息，包括联系方式、账户信息、角色及权限等。,id,主键ID，唯一标识每个用户,create_by,创建者，记录创建该用户信息的用户ID,create_dept,创建部门，记录创建该用户信息的部门ID,create_time,创建时间，记录用户信息创建的时间,update_by,更新者，记录更新该用户信息的用户ID,update_time,更新时间，记录用户信息最后一次更新的时间,address,用户地址,avatar_url,用户头像地址,curr_home_id,当前家庭ID,email,用户邮箱,gender,用户性别（0-未知，1-男性，2-女性）,nick_name,用户昵称,permissions,用户权限,roles,用户角色,secret,用户密钥（密码加密后的内容）,tenant_id,租户编号，标识该用户所属的租户,type,用户类型（0:平台用户，1:终端用户）,uid,用户账号,use_platforms,用户使用的平台
virtual_device,该SQL文件用于创建虚拟设备表 virtual_device。 --     该表用于存储虚拟设备的基本信息，包括虚拟设备名称、状态、行为脚本及触发方式等。,id,主键ID，唯一标识每个虚拟设备,create_by,创建者，记录创建该虚拟设备的用户ID,create_dept,创建部门，记录创建该虚拟设备的部门ID,create_time,创建时间，记录虚拟设备创建的时间,update_by,更新者，记录更新该虚拟设备的用户ID,update_time,更新时间，记录虚拟设备最后一次更新的时间,create_at,创建时间（Unix时间戳）,name,虚拟设备名称,product_key,产品key，标识该虚拟设备所属的产品,script,设备行为脚本，用于描述虚拟设备的行为,state,虚拟设备的运行状态,tenant_id,租户编号，标识该虚拟设备所属的租户,NULL,触发方式，描述设备行为的执行方式,trigger_expression,触发表达式，用于描述触发条件,type,虚拟设备的类型,uid,所属用户ID，标识虚拟设备属于哪个用户
virtual_device_mapping,该SQL文件用于创建虚拟设备映射表 virtual_device_mapping。 --     该表用于记录虚拟设备与租户之间的映射关系。,id,主键ID，唯一标识每个映射关系,create_by,创建者，记录创建该映射关系的用户ID,create_dept,创建部门，记录创建该映射关系的部门ID,create_time,创建时间，记录虚拟设备映射创建的时间,update_by,更新者，记录更新该映射关系的用户ID,update_time,更新时间，记录虚拟设备映射最后一次更新的时间,device_id,设备ID，标识物理设备的唯一标识,tenant_id,租户编号，标识该映射关系所属的租户,virtual_id,虚拟设备ID，标识虚拟设备的唯一标识
